,learning_rate,max_depth,min_child_weight,subsample,colsample_bytree,n_estimators,error
0,0.1,1,1,0.1,0.4,500,16.414604672366725
1,0.1,1,1,0.1,0.4,600,15.420925580564443
2,0.1,1,1,0.1,0.4,700,15.31836945116061
3,0.1,1,1,0.1,0.4,800,15.150149093361794
4,0.1,1,1,0.1,0.4,900,14.701059936709736
5,0.1,1,1,0.1,0.4,1000,15.121465181294548
6,0.1,1,1,0.1,0.6,500,15.80294148367303
7,0.1,1,1,0.1,0.6,600,14.782048302515163
8,0.1,1,1,0.1,0.6,700,15.14329822224619
9,0.1,1,1,0.1,0.6,800,15.12079779538155
10,0.1,1,1,0.1,0.6,900,14.607914081334735
11,0.1,1,1,0.1,0.6,1000,14.63759333928223
12,0.1,1,1,0.1,0.8,500,15.825281239237173
13,0.1,1,1,0.1,0.8,600,15.311081586945464
14,0.1,1,1,0.1,0.8,700,15.108853068734652
15,0.1,1,1,0.1,0.8,800,15.056605492732846
16,0.1,1,1,0.1,0.8,900,14.335706745060175
17,0.1,1,1,0.1,0.8,1000,14.444726383553476
18,0.1,1,1,0.2,0.4,500,15.918640124843401
19,0.1,1,1,0.2,0.4,600,15.475825202705385
20,0.1,1,1,0.2,0.4,700,15.466341006446408
21,0.1,1,1,0.2,0.4,800,15.212210745387246
22,0.1,1,1,0.2,0.4,900,14.978953941171476
23,0.1,1,1,0.2,0.4,1000,15.342817804338148
24,0.1,1,1,0.2,0.6,500,16.626705241322057
25,0.1,1,1,0.2,0.6,600,15.546758072267268
26,0.1,1,1,0.2,0.6,700,15.856836682816867
27,0.1,1,1,0.2,0.6,800,15.550419496603421
28,0.1,1,1,0.2,0.6,900,15.311575779547441
29,0.1,1,1,0.2,0.6,1000,15.329586534663195
30,0.1,1,1,0.2,0.8,500,15.908203341601551
31,0.1,1,1,0.2,0.8,600,14.92256075781344
32,0.1,1,1,0.2,0.8,700,15.464065872155125
33,0.1,1,1,0.2,0.8,800,15.183096399665695
34,0.1,1,1,0.2,0.8,900,14.933750603593065
35,0.1,1,1,0.2,0.8,1000,15.035901062970469
36,0.1,1,1,0.5,0.4,500,15.423047215471794
37,0.1,1,1,0.5,0.4,600,14.873318291257867
38,0.1,1,1,0.5,0.4,700,14.908958884784102
39,0.1,1,1,0.5,0.4,800,14.857087923540373
40,0.1,1,1,0.5,0.4,900,15.00864927960503
41,0.1,1,1,0.5,0.4,1000,15.276233705558338
42,0.1,1,1,0.5,0.6,500,15.508272823631533
43,0.1,1,1,0.5,0.6,600,15.219762700294172
44,0.1,1,1,0.5,0.6,700,14.718750314229414
45,0.1,1,1,0.5,0.6,800,14.822770009189448
46,0.1,1,1,0.5,0.6,900,14.901178197295806
47,0.1,1,1,0.5,0.6,1000,15.222924802588832
48,0.1,1,1,0.5,0.8,500,15.129594296850794
49,0.1,1,1,0.5,0.8,600,15.154381286081703
50,0.1,1,1,0.5,0.8,700,15.044432149109824
51,0.1,1,1,0.5,0.8,800,14.875944016430704
52,0.1,1,1,0.5,0.8,900,14.917752735047934
53,0.1,1,1,0.5,0.8,1000,15.177627748267414
54,0.1,1,1,0.6,0.4,500,15.465030243101001
55,0.1,1,1,0.6,0.4,600,15.149717464910726
56,0.1,1,1,0.6,0.4,700,14.771756802277823
57,0.1,1,1,0.6,0.4,800,14.834380133355829
58,0.1,1,1,0.6,0.4,900,15.095521717994561
59,0.1,1,1,0.6,0.4,1000,15.212133095069072
60,0.1,1,1,0.6,0.6,500,15.290833299877004
61,0.1,1,1,0.6,0.6,600,15.222584987721154
62,0.1,1,1,0.6,0.6,700,14.35175078238355
63,0.1,1,1,0.6,0.6,800,14.768147677488527
64,0.1,1,1,0.6,0.6,900,15.055808269871406
65,0.1,1,1,0.6,0.6,1000,15.044192708437135
66,0.1,1,1,0.6,0.8,500,15.107985085597592
67,0.1,1,1,0.6,0.8,600,15.06305934802825
68,0.1,1,1,0.6,0.8,700,14.579906902006746
69,0.1,1,1,0.6,0.8,800,14.779433107645884
70,0.1,1,1,0.6,0.8,900,15.016469170679038
71,0.1,1,1,0.6,0.8,1000,14.985341330368012
72,0.1,1,2,0.1,0.4,500,29.893016848196858
73,0.1,1,2,0.1,0.4,600,28.568237515233104
74,0.1,1,2,0.1,0.4,700,30.670794989507716
75,0.1,1,2,0.1,0.4,800,29.55709062802078
76,0.1,1,2,0.1,0.4,900,28.08572089091476
77,0.1,1,2,0.1,0.4,1000,27.974541074370173
78,0.1,1,2,0.1,0.6,500,27.23594246269728
79,0.1,1,2,0.1,0.6,600,26.306038891178044
80,0.1,1,2,0.1,0.6,700,26.76512436205131
81,0.1,1,2,0.1,0.6,800,26.048188245528383
82,0.1,1,2,0.1,0.6,900,24.063150275316637
83,0.1,1,2,0.1,0.6,1000,23.665533783147243
84,0.1,1,2,0.1,0.8,500,29.162115262800466
85,0.1,1,2,0.1,0.8,600,27.251464934760865
86,0.1,1,2,0.1,0.8,700,26.07795231651188
87,0.1,1,2,0.1,0.8,800,24.979209977440973
88,0.1,1,2,0.1,0.8,900,23.036981438451605
89,0.1,1,2,0.1,0.8,1000,22.46421216191145
90,0.1,1,2,0.2,0.4,500,21.656726984630534
91,0.1,1,2,0.2,0.4,600,20.104556956233157
92,0.1,1,2,0.2,0.4,700,19.902364732540956
93,0.1,1,2,0.2,0.4,800,18.877997035690907
94,0.1,1,2,0.2,0.4,900,18.057834013099136
95,0.1,1,2,0.2,0.4,1000,17.697060169307
96,0.1,1,2,0.2,0.6,500,18.764132582081828
97,0.1,1,2,0.2,0.6,600,17.23985928040653
98,0.1,1,2,0.2,0.6,700,16.502824816422446
99,0.1,1,2,0.2,0.6,800,15.360249138070255
100,0.1,1,2,0.2,0.6,900,15.224421535604554
101,0.1,1,2,0.2,0.6,1000,14.810599004502308
102,0.1,1,2,0.2,0.8,500,17.59088660569052
103,0.1,1,2,0.2,0.8,600,15.943357446160606
104,0.1,1,2,0.2,0.8,700,15.352456579611228
105,0.1,1,2,0.2,0.8,800,14.619371150552512
106,0.1,1,2,0.2,0.8,900,14.383702455237545
107,0.1,1,2,0.2,0.8,1000,14.439675184040665
108,0.1,1,2,0.5,0.4,500,15.194887848918166
109,0.1,1,2,0.5,0.4,600,14.889475245496886
110,0.1,1,2,0.5,0.4,700,14.738313712737536
111,0.1,1,2,0.5,0.4,800,14.995868699879395
112,0.1,1,2,0.5,0.4,900,14.75335130353238
113,0.1,1,2,0.5,0.4,1000,14.950710827608212
114,0.1,1,2,0.5,0.6,500,15.01576958828368
115,0.1,1,2,0.5,0.6,600,14.851265998419626
116,0.1,1,2,0.5,0.6,700,14.654487306504581
117,0.1,1,2,0.5,0.6,800,14.710533315916464
118,0.1,1,2,0.5,0.6,900,14.589269924473308
119,0.1,1,2,0.5,0.6,1000,14.951204116208402
120,0.1,1,2,0.5,0.8,500,14.870793038618253
121,0.1,1,2,0.5,0.8,600,14.719074535264564
122,0.1,1,2,0.5,0.8,700,14.680635853525072
123,0.1,1,2,0.5,0.8,800,14.834650942897971
124,0.1,1,2,0.5,0.8,900,14.672518929118887
125,0.1,1,2,0.5,0.8,1000,14.974491855760107
126,0.1,1,2,0.6,0.4,500,15.296971162759773
127,0.1,1,2,0.6,0.4,600,15.178706595518328
128,0.1,1,2,0.6,0.4,700,14.728102313008662
129,0.1,1,2,0.6,0.4,800,14.98951105517878
130,0.1,1,2,0.6,0.4,900,14.727205375748714
131,0.1,1,2,0.6,0.4,1000,14.71159717522943
132,0.1,1,2,0.6,0.6,500,15.134408782753116
133,0.1,1,2,0.6,0.6,600,14.972050242035833
134,0.1,1,2,0.6,0.6,700,14.58509274073793
135,0.1,1,2,0.6,0.6,800,14.83608503744513
136,0.1,1,2,0.6,0.6,900,14.524263397795563
137,0.1,1,2,0.6,0.6,1000,14.740606793886402
138,0.1,1,2,0.6,0.8,500,15.047259538322505
139,0.1,1,2,0.6,0.8,600,14.810547042800675
140,0.1,1,2,0.6,0.8,700,14.607970170569955
141,0.1,1,2,0.6,0.8,800,14.818816687949216
142,0.1,1,2,0.6,0.8,900,14.664668888667196
143,0.1,1,2,0.6,0.8,1000,14.868103059145128
144,0.1,1,3,0.1,0.4,500,34.13829500466377
145,0.1,1,3,0.1,0.4,600,32.07420490074684
146,0.1,1,3,0.1,0.4,700,35.47960437823191
147,0.1,1,3,0.1,0.4,800,34.546423453567535
148,0.1,1,3,0.1,0.4,900,32.145090974487566
149,0.1,1,3,0.1,0.4,1000,32.609755295239495
150,0.1,1,3,0.1,0.6,500,33.70608222855931
151,0.1,1,3,0.1,0.6,600,31.82263274446464
152,0.1,1,3,0.1,0.6,700,34.74112596476653
153,0.1,1,3,0.1,0.6,800,34.08253092320637
154,0.1,1,3,0.1,0.6,900,31.846603238237243
155,0.1,1,3,0.1,0.6,1000,32.36666346909066
156,0.1,1,3,0.1,0.8,500,33.29799930923503
157,0.1,1,3,0.1,0.8,600,31.530493148915383
158,0.1,1,3,0.1,0.8,700,34.32356855089993
159,0.1,1,3,0.1,0.8,800,33.62699122572503
160,0.1,1,3,0.1,0.8,900,31.675373784997273
161,0.1,1,3,0.1,0.8,1000,32.082520187772054
162,0.1,1,3,0.2,0.4,500,32.2687518915397
163,0.1,1,3,0.2,0.4,600,31.799821511178237
164,0.1,1,3,0.2,0.4,700,32.61842352021797
165,0.1,1,3,0.2,0.4,800,31.626456129967035
166,0.1,1,3,0.2,0.4,900,31.461016924361868
167,0.1,1,3,0.2,0.4,1000,31.411510387902243
168,0.1,1,3,0.2,0.6,500,30.997039503918984
169,0.1,1,3,0.2,0.6,600,31.473622572708052
170,0.1,1,3,0.2,0.6,700,32.14800836287199
171,0.1,1,3,0.2,0.6,800,31.295750379213793
172,0.1,1,3,0.2,0.6,900,30.869821904495243
173,0.1,1,3,0.2,0.6,1000,30.354334034200427
174,0.1,1,3,0.2,0.8,500,31.49793246201664
175,0.1,1,3,0.2,0.8,600,31.841635047064308
176,0.1,1,3,0.2,0.8,700,32.64214209040203
177,0.1,1,3,0.2,0.8,800,31.690982800241613
178,0.1,1,3,0.2,0.8,900,30.804157237108647
179,0.1,1,3,0.2,0.8,1000,30.81603028370994
180,0.1,1,3,0.5,0.4,500,26.041538906194656
181,0.1,1,3,0.5,0.4,600,25.725960037192728
182,0.1,1,3,0.5,0.4,700,24.377857086660423
183,0.1,1,3,0.5,0.4,800,23.983182713410805
184,0.1,1,3,0.5,0.4,900,23.047223886437763
185,0.1,1,3,0.5,0.4,1000,22.904427626221697
186,0.1,1,3,0.5,0.6,500,23.34140619861684
187,0.1,1,3,0.5,0.6,600,22.525401202570396
188,0.1,1,3,0.5,0.6,700,21.210415572983273
189,0.1,1,3,0.5,0.6,800,21.13868407861567
190,0.1,1,3,0.5,0.6,900,20.30962941757911
191,0.1,1,3,0.5,0.6,1000,19.96072554464012
192,0.1,1,3,0.5,0.8,500,22.176283253465648
193,0.1,1,3,0.5,0.8,600,21.465971243341226
194,0.1,1,3,0.5,0.8,700,20.334897567913107
195,0.1,1,3,0.5,0.8,800,20.43732631636593
196,0.1,1,3,0.5,0.8,900,19.764143070472453
197,0.1,1,3,0.5,0.8,1000,19.466362981859735
198,0.1,1,3,0.6,0.4,500,23.9080735299458
199,0.1,1,3,0.6,0.4,600,23.374693294195914
200,0.1,1,3,0.6,0.4,700,21.926504466501576
201,0.1,1,3,0.6,0.4,800,21.793147630805425
202,0.1,1,3,0.6,0.4,900,20.749075820692497
203,0.1,1,3,0.6,0.4,1000,20.288896587413188
204,0.1,1,3,0.6,0.6,500,20.878352868741434
205,0.1,1,3,0.6,0.6,600,20.22102769007136
206,0.1,1,3,0.6,0.6,700,19.48128816157397
207,0.1,1,3,0.6,0.6,800,19.53784084750737
208,0.1,1,3,0.6,0.6,900,19.17991779869912
209,0.1,1,3,0.6,0.6,1000,18.79908666061712
210,0.1,1,3,0.6,0.8,500,20.36157489508851
211,0.1,1,3,0.6,0.8,600,19.692438267395033
212,0.1,1,3,0.6,0.8,700,19.225929656379197
213,0.1,1,3,0.6,0.8,800,19.291743314706945
214,0.1,1,3,0.6,0.8,900,18.899077200321802
215,0.1,1,3,0.6,0.8,1000,18.76336787702505
216,0.1,2,1,0.1,0.4,500,16.39973880835662
217,0.1,2,1,0.1,0.4,600,15.379780212452966
218,0.1,2,1,0.1,0.4,700,15.417207280573116
219,0.1,2,1,0.1,0.4,800,15.156025730500087
220,0.1,2,1,0.1,0.4,900,14.575488672189227
221,0.1,2,1,0.1,0.4,1000,15.002374621433221
222,0.1,2,1,0.1,0.6,500,14.807705821805744
223,0.1,2,1,0.1,0.6,600,14.039931709925346
224,0.1,2,1,0.1,0.6,700,14.094069756293186
225,0.1,2,1,0.1,0.6,800,13.972549430615603
226,0.1,2,1,0.1,0.6,900,13.505113033490664
227,0.1,2,1,0.1,0.6,1000,13.485142433575161
228,0.1,2,1,0.1,0.8,500,14.153053468815996
229,0.1,2,1,0.1,0.8,600,13.499247090789327
230,0.1,2,1,0.1,0.8,700,13.396006623939956
231,0.1,2,1,0.1,0.8,800,12.944439575310978
232,0.1,2,1,0.1,0.8,900,12.59946678572187
233,0.1,2,1,0.1,0.8,1000,12.575512102846169
234,0.1,2,1,0.2,0.4,500,15.967816524560353
235,0.1,2,1,0.2,0.4,600,15.53167506911627
236,0.1,2,1,0.2,0.4,700,15.537394916076066
237,0.1,2,1,0.2,0.4,800,15.429113694093491
238,0.1,2,1,0.2,0.4,900,15.044000326298868
239,0.1,2,1,0.2,0.4,1000,15.215318584503544
240,0.1,2,1,0.2,0.6,500,14.460796897719135
241,0.1,2,1,0.2,0.6,600,13.189045969615986
242,0.1,2,1,0.2,0.6,700,12.986348493930414
243,0.1,2,1,0.2,0.6,800,12.701967653180853
244,0.1,2,1,0.2,0.6,900,12.612763424290495
245,0.1,2,1,0.2,0.6,1000,12.420833569847911
246,0.1,2,1,0.2,0.8,500,12.479826405295356
247,0.1,2,1,0.2,0.8,600,11.650007101641444
248,0.1,2,1,0.2,0.8,700,11.857555201357687
249,0.1,2,1,0.2,0.8,800,11.606780593157259
250,0.1,2,1,0.2,0.8,900,11.562933641839383
251,0.1,2,1,0.2,0.8,1000,11.559318170648346
252,0.1,2,1,0.5,0.4,500,15.234274348975294
253,0.1,2,1,0.5,0.4,600,14.644886572301195
254,0.1,2,1,0.5,0.4,700,14.67800545825874
255,0.1,2,1,0.5,0.4,800,14.72475727185619
256,0.1,2,1,0.5,0.4,900,15.002393304505732
257,0.1,2,1,0.5,0.4,1000,15.048106922654757
258,0.1,2,1,0.5,0.6,500,12.067516509402974
259,0.1,2,1,0.5,0.6,600,11.814053219876836
260,0.1,2,1,0.5,0.6,700,11.727387686714092
261,0.1,2,1,0.5,0.6,800,11.60502179744421
262,0.1,2,1,0.5,0.6,900,11.700223074253541
263,0.1,2,1,0.5,0.6,1000,11.72558592018015
264,0.1,2,1,0.5,0.8,500,11.12016976444901
265,0.1,2,1,0.5,0.8,600,11.067364870390765
266,0.1,2,1,0.5,0.8,700,11.210633223075034
267,0.1,2,1,0.5,0.8,800,11.360275744701566
268,0.1,2,1,0.5,0.8,900,11.624736824871462
269,0.1,2,1,0.5,0.8,1000,11.694480245640639
270,0.1,2,1,0.6,0.4,500,15.266944814852812
271,0.1,2,1,0.6,0.4,600,14.86404147959854
272,0.1,2,1,0.6,0.4,700,14.581319265778887
273,0.1,2,1,0.6,0.4,800,14.767349664109938
274,0.1,2,1,0.6,0.4,900,14.985650083419783
275,0.1,2,1,0.6,0.4,1000,14.96051710202698
276,0.1,2,1,0.6,0.6,500,12.064457273572929
277,0.1,2,1,0.6,0.6,600,11.85533990510978
278,0.1,2,1,0.6,0.6,700,11.80870980807624
279,0.1,2,1,0.6,0.6,800,11.8260241497074
280,0.1,2,1,0.6,0.6,900,11.991073788837907
281,0.1,2,1,0.6,0.6,1000,11.966583205359177
282,0.1,2,1,0.6,0.8,500,11.1967506222273
283,0.1,2,1,0.6,0.8,600,11.290460807466808
284,0.1,2,1,0.6,0.8,700,11.385857057642687
285,0.1,2,1,0.6,0.8,800,11.423813394319133
286,0.1,2,1,0.6,0.8,900,11.675365022822666
287,0.1,2,1,0.6,0.8,1000,11.747998809464816
288,0.1,2,2,0.1,0.4,500,29.893016848196858
289,0.1,2,2,0.1,0.4,600,28.568237515233104
290,0.1,2,2,0.1,0.4,700,30.670794989507716
291,0.1,2,2,0.1,0.4,800,29.55709062802078
292,0.1,2,2,0.1,0.4,900,28.08572089091476
293,0.1,2,2,0.1,0.4,1000,27.974541074370173
294,0.1,2,2,0.1,0.6,500,27.28640336898217
295,0.1,2,2,0.1,0.6,600,26.334686124407618
296,0.1,2,2,0.1,0.6,700,26.77704505724006
297,0.1,2,2,0.1,0.6,800,26.011132284139823
298,0.1,2,2,0.1,0.6,900,24.10767018524752
299,0.1,2,2,0.1,0.6,1000,23.676977441343794
300,0.1,2,2,0.1,0.8,500,29.0936621763956
301,0.1,2,2,0.1,0.8,600,27.142683348487314
302,0.1,2,2,0.1,0.8,700,25.962233756583014
303,0.1,2,2,0.1,0.8,800,24.780295913379216
304,0.1,2,2,0.1,0.8,900,22.948075815690338
305,0.1,2,2,0.1,0.8,1000,22.393988285950737
306,0.1,2,2,0.2,0.4,500,21.824221646370255
307,0.1,2,2,0.2,0.4,600,20.15186745181113
308,0.1,2,2,0.2,0.4,700,19.935504306672748
309,0.1,2,2,0.2,0.4,800,18.877584565526536
310,0.1,2,2,0.2,0.4,900,18.025612106902525
311,0.1,2,2,0.2,0.4,1000,17.568750350491026
312,0.1,2,2,0.2,0.6,500,18.57108393382331
313,0.1,2,2,0.2,0.6,600,17.101421017594255
314,0.1,2,2,0.2,0.6,700,16.326389944472865
315,0.1,2,2,0.2,0.6,800,15.444055755382918
316,0.1,2,2,0.2,0.6,900,15.104886352649572
317,0.1,2,2,0.2,0.6,1000,14.668587345568971
318,0.1,2,2,0.2,0.8,500,17.29400547399157
319,0.1,2,2,0.2,0.8,600,15.804953112661781
320,0.1,2,2,0.2,0.8,700,14.932010588399963
321,0.1,2,2,0.2,0.8,800,14.0506742623086
322,0.1,2,2,0.2,0.8,900,13.663448664667692
323,0.1,2,2,0.2,0.8,1000,13.537951362784408
324,0.1,2,2,0.5,0.4,500,15.321950241699913
325,0.1,2,2,0.5,0.4,600,14.968932080671962
326,0.1,2,2,0.5,0.4,700,14.715274967332817
327,0.1,2,2,0.5,0.4,800,15.024951706631962
328,0.1,2,2,0.5,0.4,900,14.863993227452625
329,0.1,2,2,0.5,0.4,1000,15.037964291350265
330,0.1,2,2,0.5,0.6,500,14.216087811671684
331,0.1,2,2,0.5,0.6,600,13.77837306908199
332,0.1,2,2,0.5,0.6,700,13.674664302102691
333,0.1,2,2,0.5,0.6,800,13.511721491482291
334,0.1,2,2,0.5,0.6,900,13.334195496495811
335,0.1,2,2,0.5,0.6,1000,13.371393587204341
336,0.1,2,2,0.5,0.8,500,12.999144693116572
337,0.1,2,2,0.5,0.8,600,12.682901731517674
338,0.1,2,2,0.5,0.8,700,12.639999186346323
339,0.1,2,2,0.5,0.8,800,12.578164456178376
340,0.1,2,2,0.5,0.8,900,12.680349994971147
341,0.1,2,2,0.5,0.8,1000,12.811724714940091
342,0.1,2,2,0.6,0.4,500,15.209397598280727
343,0.1,2,2,0.6,0.4,600,14.990058873192346
344,0.1,2,2,0.6,0.4,700,14.606880188438083
345,0.1,2,2,0.6,0.4,800,14.868502184014677
346,0.1,2,2,0.6,0.4,900,14.831357753296441
347,0.1,2,2,0.6,0.4,1000,14.753198364707355
348,0.1,2,2,0.6,0.6,500,13.514803596640684
349,0.1,2,2,0.6,0.6,600,13.304965519924545
350,0.1,2,2,0.6,0.6,700,13.127238573073715
351,0.1,2,2,0.6,0.6,800,13.026158748483638
352,0.1,2,2,0.6,0.6,900,12.90836880413618
353,0.1,2,2,0.6,0.6,1000,12.91391100845736
354,0.1,2,2,0.6,0.8,500,12.386234586530017
355,0.1,2,2,0.6,0.8,600,12.245978905255368
356,0.1,2,2,0.6,0.8,700,12.070746205396356
357,0.1,2,2,0.6,0.8,800,12.073750919067821
358,0.1,2,2,0.6,0.8,900,12.21798735279355
359,0.1,2,2,0.6,0.8,1000,12.188957313761033
360,0.1,2,3,0.1,0.4,500,34.13829500466377
361,0.1,2,3,0.1,0.4,600,32.07420490074684
362,0.1,2,3,0.1,0.4,700,35.47960437823191
363,0.1,2,3,0.1,0.4,800,34.546423453567535
364,0.1,2,3,0.1,0.4,900,32.145090974487566
365,0.1,2,3,0.1,0.4,1000,32.609755295239495
366,0.1,2,3,0.1,0.6,500,33.70608222855931
367,0.1,2,3,0.1,0.6,600,31.82263274446464
368,0.1,2,3,0.1,0.6,700,34.74112596476653
369,0.1,2,3,0.1,0.6,800,34.08253092320637
370,0.1,2,3,0.1,0.6,900,31.846603238237243
371,0.1,2,3,0.1,0.6,1000,32.36666346909066
372,0.1,2,3,0.1,0.8,500,33.29799930923503
373,0.1,2,3,0.1,0.8,600,31.530493148915383
374,0.1,2,3,0.1,0.8,700,34.32356855089993
375,0.1,2,3,0.1,0.8,800,33.62699122572503
376,0.1,2,3,0.1,0.8,900,31.675373784997273
377,0.1,2,3,0.1,0.8,1000,32.082520187772054
378,0.1,2,3,0.2,0.4,500,32.2687518915397
379,0.1,2,3,0.2,0.4,600,31.799821511178237
380,0.1,2,3,0.2,0.4,700,32.61460076695146
381,0.1,2,3,0.2,0.4,800,31.570389543016113
382,0.1,2,3,0.2,0.4,900,31.423785538737874
383,0.1,2,3,0.2,0.4,1000,31.363999427214633
384,0.1,2,3,0.2,0.6,500,30.985913635716056
385,0.1,2,3,0.2,0.6,600,31.443886640754755
386,0.1,2,3,0.2,0.6,700,32.114369978464374
387,0.1,2,3,0.2,0.6,800,31.189670445401543
388,0.1,2,3,0.2,0.6,900,30.84376982343622
389,0.1,2,3,0.2,0.6,1000,30.31500248192835
390,0.1,2,3,0.2,0.8,500,31.526343960868793
391,0.1,2,3,0.2,0.8,600,31.86432540831007
392,0.1,2,3,0.2,0.8,700,32.64929421461967
393,0.1,2,3,0.2,0.8,800,31.620299143102567
394,0.1,2,3,0.2,0.8,900,30.65841185935639
395,0.1,2,3,0.2,0.8,1000,30.57128096434854
396,0.1,2,3,0.5,0.4,500,26.207495601218497
397,0.1,2,3,0.5,0.4,600,25.77858390658793
398,0.1,2,3,0.5,0.4,700,24.45309073025916
399,0.1,2,3,0.5,0.4,800,24.036759412270655
400,0.1,2,3,0.5,0.4,900,23.05629655446207
401,0.1,2,3,0.5,0.4,1000,22.933461468090172
402,0.1,2,3,0.5,0.6,500,22.849223778697045
403,0.1,2,3,0.5,0.6,600,21.918306637197432
404,0.1,2,3,0.5,0.6,700,20.707433226458328
405,0.1,2,3,0.5,0.6,800,20.57665644017389
406,0.1,2,3,0.5,0.6,900,19.64480714029275
407,0.1,2,3,0.5,0.6,1000,19.51152591088846
408,0.1,2,3,0.5,0.8,500,21.271903581819775
409,0.1,2,3,0.5,0.8,600,20.64220854447092
410,0.1,2,3,0.5,0.8,700,19.610991439438646
411,0.1,2,3,0.5,0.8,800,19.49142460796096
412,0.1,2,3,0.5,0.8,900,19.05113225078655
413,0.1,2,3,0.5,0.8,1000,18.72694875767101
414,0.1,2,3,0.6,0.4,500,23.984889544505435
415,0.1,2,3,0.6,0.4,600,23.408435791515487
416,0.1,2,3,0.6,0.4,700,22.008840027838158
417,0.1,2,3,0.6,0.4,800,21.73882643623812
418,0.1,2,3,0.6,0.4,900,20.71012513766021
419,0.1,2,3,0.6,0.4,1000,20.26734593132451
420,0.1,2,3,0.6,0.6,500,20.08119830899985
421,0.1,2,3,0.6,0.6,600,19.622303687555235
422,0.1,2,3,0.6,0.6,700,18.951832907067526
423,0.1,2,3,0.6,0.6,800,18.6703165583155
424,0.1,2,3,0.6,0.6,900,18.452490836287314
425,0.1,2,3,0.6,0.6,1000,18.250967836391162
426,0.1,2,3,0.6,0.8,500,19.421646300989053
427,0.1,2,3,0.6,0.8,600,19.102129119752224
428,0.1,2,3,0.6,0.8,700,18.599133371813583
429,0.1,2,3,0.6,0.8,800,18.330350056690722
430,0.1,2,3,0.6,0.8,900,18.37907554926884
431,0.1,2,3,0.6,0.8,1000,18.389264594870586
432,0.2,1,1,0.1,0.4,500,14.318276002354432
433,0.2,1,1,0.1,0.4,600,14.405752133645734
434,0.2,1,1,0.1,0.4,700,15.459017674335312
435,0.2,1,1,0.1,0.4,800,15.009134578869459
436,0.2,1,1,0.1,0.4,900,14.157044469763314
437,0.2,1,1,0.1,0.4,1000,14.406497108252285
438,0.2,1,1,0.1,0.6,500,15.827472031390215
439,0.2,1,1,0.1,0.6,600,14.558077289564855
440,0.2,1,1,0.1,0.6,700,15.86875542957032
441,0.2,1,1,0.1,0.6,800,15.27856032449559
442,0.2,1,1,0.1,0.6,900,14.870836594780704
443,0.2,1,1,0.1,0.6,1000,14.81805411008329
444,0.2,1,1,0.1,0.8,500,15.675253643948194
445,0.2,1,1,0.1,0.8,600,14.89068426020505
446,0.2,1,1,0.1,0.8,700,15.83579965926056
447,0.2,1,1,0.1,0.8,800,15.074513380245017
448,0.2,1,1,0.1,0.8,900,14.62243788471695
449,0.2,1,1,0.1,0.8,1000,14.348628751472575
450,0.2,1,1,0.2,0.4,500,15.587765347493635
451,0.2,1,1,0.2,0.4,600,15.002763806417875
452,0.2,1,1,0.2,0.4,700,14.941735147755585
453,0.2,1,1,0.2,0.4,800,14.914181330253951
454,0.2,1,1,0.2,0.4,900,14.643524765264472
455,0.2,1,1,0.2,0.4,1000,14.840574428304947
456,0.2,1,1,0.2,0.6,500,16.246328153146813
457,0.2,1,1,0.2,0.6,600,14.876127636233146
458,0.2,1,1,0.2,0.6,700,15.394942282745829
459,0.2,1,1,0.2,0.6,800,15.15207796558888
460,0.2,1,1,0.2,0.6,900,14.763674748246082
461,0.2,1,1,0.2,0.6,1000,14.949293521212288
462,0.2,1,1,0.2,0.8,500,15.745696909980989
463,0.2,1,1,0.2,0.8,600,14.488595000309969
464,0.2,1,1,0.2,0.8,700,15.566165295112597
465,0.2,1,1,0.2,0.8,800,14.784073085075715
466,0.2,1,1,0.2,0.8,900,14.552024784130223
467,0.2,1,1,0.2,0.8,1000,14.942956726533827
468,0.2,1,1,0.5,0.4,500,15.402617912209536
469,0.2,1,1,0.5,0.4,600,14.647028113174079
470,0.2,1,1,0.5,0.4,700,14.962063793888873
471,0.2,1,1,0.5,0.4,800,14.85125837712166
472,0.2,1,1,0.5,0.4,900,15.155448978735857
473,0.2,1,1,0.5,0.4,1000,15.331284482585485
474,0.2,1,1,0.5,0.6,500,15.354991832479069
475,0.2,1,1,0.5,0.6,600,15.253092942096016
476,0.2,1,1,0.5,0.6,700,14.541772999864026
477,0.2,1,1,0.5,0.6,800,14.959497879194675
478,0.2,1,1,0.5,0.6,900,14.874644553467455
479,0.2,1,1,0.5,0.6,1000,15.3034653327281
480,0.2,1,1,0.5,0.8,500,15.15770851549119
481,0.2,1,1,0.5,0.8,600,15.05229641523056
482,0.2,1,1,0.5,0.8,700,14.955548022624022
483,0.2,1,1,0.5,0.8,800,14.749155820141185
484,0.2,1,1,0.5,0.8,900,14.818709551249995
485,0.2,1,1,0.5,0.8,1000,15.523154184670771
486,0.2,1,1,0.6,0.4,500,15.288755159324285
487,0.2,1,1,0.6,0.4,600,14.772196354641773
488,0.2,1,1,0.6,0.4,700,14.771303243380093
489,0.2,1,1,0.6,0.4,800,14.749653240654524
490,0.2,1,1,0.6,0.4,900,15.204474445786596
491,0.2,1,1,0.6,0.4,1000,15.216138662132508
492,0.2,1,1,0.6,0.6,500,15.10628997618298
493,0.2,1,1,0.6,0.6,600,15.069254606477475
494,0.2,1,1,0.6,0.6,700,14.13416538840881
495,0.2,1,1,0.6,0.6,800,14.786548500381603
496,0.2,1,1,0.6,0.6,900,15.186890223488932
497,0.2,1,1,0.6,0.6,1000,14.928187368719843
498,0.2,1,1,0.6,0.8,500,14.917020204368537
499,0.2,1,1,0.6,0.8,600,14.794745337912541
500,0.2,1,1,0.6,0.8,700,14.459013992884223
501,0.2,1,1,0.6,0.8,800,14.766759848852928
502,0.2,1,1,0.6,0.8,900,14.943452969738997
503,0.2,1,1,0.6,0.8,1000,15.085597417988554
504,0.2,1,2,0.1,0.4,500,28.03033031646803
505,0.2,1,2,0.1,0.4,600,26.649951126692784
506,0.2,1,2,0.1,0.4,700,28.58253002897394
507,0.2,1,2,0.1,0.4,800,27.128716411211922
508,0.2,1,2,0.1,0.4,900,25.181756097755496
509,0.2,1,2,0.1,0.4,1000,24.835199555233935
510,0.2,1,2,0.1,0.6,500,24.343964900397506
511,0.2,1,2,0.1,0.6,600,23.050163788239054
512,0.2,1,2,0.1,0.6,700,22.543946284644058
513,0.2,1,2,0.1,0.6,800,21.523691581926514
514,0.2,1,2,0.1,0.6,900,18.88676673882861
515,0.2,1,2,0.1,0.6,1000,18.41081552659353
516,0.2,1,2,0.1,0.8,500,27.000962889035982
517,0.2,1,2,0.1,0.8,600,24.165117700688093
518,0.2,1,2,0.1,0.8,700,21.19547880514933
519,0.2,1,2,0.1,0.8,800,19.846418059151382
520,0.2,1,2,0.1,0.8,900,17.640331262077932
521,0.2,1,2,0.1,0.8,1000,17.286905270799206
522,0.2,1,2,0.2,0.4,500,17.27585370097444
523,0.2,1,2,0.2,0.4,600,16.324563005882595
524,0.2,1,2,0.2,0.4,700,16.112480408442394
525,0.2,1,2,0.2,0.4,800,15.679362328034932
526,0.2,1,2,0.2,0.4,900,15.497052782796784
527,0.2,1,2,0.2,0.4,1000,15.065595644653673
528,0.2,1,2,0.2,0.6,500,15.95122820295709
529,0.2,1,2,0.2,0.6,600,15.199638477182853
530,0.2,1,2,0.2,0.6,700,14.996465492337306
531,0.2,1,2,0.2,0.6,800,14.935844501986761
532,0.2,1,2,0.2,0.6,900,14.943357784475957
533,0.2,1,2,0.2,0.6,1000,14.611456580882209
534,0.2,1,2,0.2,0.8,500,15.682169570905808
535,0.2,1,2,0.2,0.8,600,14.66152270782137
536,0.2,1,2,0.2,0.8,700,14.731376611190203
537,0.2,1,2,0.2,0.8,800,14.303432857553428
538,0.2,1,2,0.2,0.8,900,14.631603837864438
539,0.2,1,2,0.2,0.8,1000,14.939031647508182
540,0.2,1,2,0.5,0.4,500,15.272221189584684
541,0.2,1,2,0.5,0.4,600,14.753833149897918
542,0.2,1,2,0.5,0.4,700,14.78345085778863
543,0.2,1,2,0.5,0.4,800,15.131174109080982
544,0.2,1,2,0.5,0.4,900,14.73347510497536
545,0.2,1,2,0.5,0.4,1000,15.052047203425468
546,0.2,1,2,0.5,0.6,500,14.85957263827739
547,0.2,1,2,0.5,0.6,600,14.72174763602125
548,0.2,1,2,0.5,0.6,700,14.49833169041169
549,0.2,1,2,0.5,0.6,800,14.634612012354902
550,0.2,1,2,0.5,0.6,900,14.742339120150874
551,0.2,1,2,0.5,0.6,1000,15.190470671818355
552,0.2,1,2,0.5,0.8,500,15.05603387816776
553,0.2,1,2,0.5,0.8,600,14.61708823548039
554,0.2,1,2,0.5,0.8,700,14.615165404884756
555,0.2,1,2,0.5,0.8,800,14.814209018667187
556,0.2,1,2,0.5,0.8,900,14.830464909650102
557,0.2,1,2,0.5,0.8,1000,15.067738628639098
558,0.2,1,2,0.6,0.4,500,14.95157127698338
559,0.2,1,2,0.6,0.4,600,14.697080853455262
560,0.2,1,2,0.6,0.4,700,14.440867123732655
561,0.2,1,2,0.6,0.4,800,14.849747852741842
562,0.2,1,2,0.6,0.4,900,14.735720277218608
563,0.2,1,2,0.6,0.4,1000,14.781276872227949
564,0.2,1,2,0.6,0.6,500,14.85962396684846
565,0.2,1,2,0.6,0.6,600,14.784745082991456
566,0.2,1,2,0.6,0.6,700,14.509404698195754
567,0.2,1,2,0.6,0.6,800,14.80416779938462
568,0.2,1,2,0.6,0.6,900,14.461618151061385
569,0.2,1,2,0.6,0.6,1000,14.959867148149781
570,0.2,1,2,0.6,0.8,500,14.868162235633585
571,0.2,1,2,0.6,0.8,600,14.637032473531427
572,0.2,1,2,0.6,0.8,700,14.56335527481263
573,0.2,1,2,0.6,0.8,800,14.851477881492526
574,0.2,1,2,0.6,0.8,900,14.711668126228371
575,0.2,1,2,0.6,0.8,1000,14.877699072468875
576,0.2,1,3,0.1,0.4,500,34.29435014136567
577,0.2,1,3,0.1,0.4,600,31.959413832228986
578,0.2,1,3,0.1,0.4,700,36.48161407839124
579,0.2,1,3,0.1,0.4,800,34.26965981584401
580,0.2,1,3,0.1,0.4,900,31.98744615979851
581,0.2,1,3,0.1,0.4,1000,31.97873664477418
582,0.2,1,3,0.1,0.6,500,33.58230145579871
583,0.2,1,3,0.1,0.6,600,31.633080649996263
584,0.2,1,3,0.1,0.6,700,34.94281560835296
585,0.2,1,3,0.1,0.6,800,33.537378981450374
586,0.2,1,3,0.1,0.6,900,31.725556102124163
587,0.2,1,3,0.1,0.6,1000,31.90798959981283
588,0.2,1,3,0.1,0.8,500,32.82634853291374
589,0.2,1,3,0.1,0.8,600,31.187109478403897
590,0.2,1,3,0.1,0.8,700,34.24691669157703
591,0.2,1,3,0.1,0.8,800,32.89158853400486
592,0.2,1,3,0.1,0.8,900,31.41453130790672
593,0.2,1,3,0.1,0.8,1000,31.532193912774567
594,0.2,1,3,0.2,0.4,500,32.2351736935255
595,0.2,1,3,0.2,0.4,600,32.084352171511114
596,0.2,1,3,0.2,0.4,700,32.43190990099484
597,0.2,1,3,0.2,0.4,800,31.51569878350755
598,0.2,1,3,0.2,0.4,900,30.905365146145453
599,0.2,1,3,0.2,0.4,1000,31.455624782296546
600,0.2,1,3,0.2,0.6,500,29.873487842873242
601,0.2,1,3,0.2,0.6,600,31.35267444719889
602,0.2,1,3,0.2,0.6,700,31.334354993217804
603,0.2,1,3,0.2,0.6,800,31.057150570332627
604,0.2,1,3,0.2,0.6,900,30.281641725077936
605,0.2,1,3,0.2,0.6,1000,30.023744668215393
606,0.2,1,3,0.2,0.8,500,31.11808865464752
607,0.2,1,3,0.2,0.8,600,32.59724201378123
608,0.2,1,3,0.2,0.8,700,32.54409807847808
609,0.2,1,3,0.2,0.8,800,32.047739968931864
610,0.2,1,3,0.2,0.8,900,30.07165654386597
611,0.2,1,3,0.2,0.8,1000,30.84898276963784
612,0.2,1,3,0.5,0.4,500,22.96414575437393
613,0.2,1,3,0.5,0.4,600,21.892952661911597
614,0.2,1,3,0.5,0.4,700,20.749257858546606
615,0.2,1,3,0.5,0.4,800,20.894027469013622
616,0.2,1,3,0.5,0.4,900,20.064617983453726
617,0.2,1,3,0.5,0.4,1000,20.044633043141218
618,0.2,1,3,0.5,0.6,500,20.247205332058087
619,0.2,1,3,0.5,0.6,600,19.63280682720346
620,0.2,1,3,0.5,0.6,700,18.69894619475382
621,0.2,1,3,0.5,0.6,800,19.230042455192212
622,0.2,1,3,0.5,0.6,900,18.59475031958505
623,0.2,1,3,0.5,0.6,1000,18.420345374071623
624,0.2,1,3,0.5,0.8,500,19.55232437623995
625,0.2,1,3,0.5,0.8,600,19.024525902600853
626,0.2,1,3,0.5,0.8,700,18.366113774811303
627,0.2,1,3,0.5,0.8,800,19.02482007927374
628,0.2,1,3,0.5,0.8,900,18.50493558018356
629,0.2,1,3,0.5,0.8,1000,18.34033223733872
630,0.2,1,3,0.6,0.4,500,20.65614077594911
631,0.2,1,3,0.6,0.4,600,19.90915154141615
632,0.2,1,3,0.6,0.4,700,19.033169876150005
633,0.2,1,3,0.6,0.4,800,19.44045482646475
634,0.2,1,3,0.6,0.4,900,18.81881740384696
635,0.2,1,3,0.6,0.4,1000,18.592176725400712
636,0.2,1,3,0.6,0.6,500,19.12520900214818
637,0.2,1,3,0.6,0.6,600,18.545188522127724
638,0.2,1,3,0.6,0.6,700,18.258015405737083
639,0.2,1,3,0.6,0.6,800,18.58490077573443
640,0.2,1,3,0.6,0.6,900,18.212808174176573
641,0.2,1,3,0.6,0.6,1000,18.20955487273555
642,0.2,1,3,0.6,0.8,500,18.976213678838658
643,0.2,1,3,0.6,0.8,600,18.314743329225486
644,0.2,1,3,0.6,0.8,700,18.185844670330393
645,0.2,1,3,0.6,0.8,800,18.464357210327197
646,0.2,1,3,0.6,0.8,900,18.219878393815243
647,0.2,1,3,0.6,0.8,1000,18.417591252966886
648,0.2,2,1,0.1,0.4,500,14.12656105506731
649,0.2,2,1,0.1,0.4,600,14.219516228136875
650,0.2,2,1,0.1,0.4,700,15.290344197922849
651,0.2,2,1,0.1,0.4,800,14.774558128469478
652,0.2,2,1,0.1,0.4,900,14.267146882601276
653,0.2,2,1,0.1,0.4,1000,14.441196759034629
654,0.2,2,1,0.1,0.6,500,14.4255463811169
655,0.2,2,1,0.1,0.6,600,13.381699374011005
656,0.2,2,1,0.1,0.6,700,13.749574902093459
657,0.2,2,1,0.1,0.6,800,13.505814181468507
658,0.2,2,1,0.1,0.6,900,12.980100961444812
659,0.2,2,1,0.1,0.6,1000,12.722891897410664
660,0.2,2,1,0.1,0.8,500,13.06801235072098
661,0.2,2,1,0.1,0.8,600,12.645182928641455
662,0.2,2,1,0.1,0.8,700,12.722103064426433
663,0.2,2,1,0.1,0.8,800,12.287152127924008
664,0.2,2,1,0.1,0.8,900,12.305755695308079
665,0.2,2,1,0.1,0.8,1000,11.584909105628036
666,0.2,2,1,0.2,0.4,500,15.748775999211214
667,0.2,2,1,0.2,0.4,600,15.02505826746547
668,0.2,2,1,0.2,0.4,700,14.932170129958381
669,0.2,2,1,0.2,0.4,800,15.251128610163343
670,0.2,2,1,0.2,0.4,900,14.878484472553275
671,0.2,2,1,0.2,0.4,1000,14.818219479882266
672,0.2,2,1,0.2,0.6,500,12.560892187372765
673,0.2,2,1,0.2,0.6,600,11.594014278553429
674,0.2,2,1,0.2,0.6,700,11.716978817268433
675,0.2,2,1,0.2,0.6,800,11.56447312862614
676,0.2,2,1,0.2,0.6,900,11.765104958462148
677,0.2,2,1,0.2,0.6,1000,11.727198783550035
678,0.2,2,1,0.2,0.8,500,12.034995258363844
679,0.2,2,1,0.2,0.8,600,11.631278298119955
680,0.2,2,1,0.2,0.8,700,12.226036697257387
681,0.2,2,1,0.2,0.8,800,12.00640675370619
682,0.2,2,1,0.2,0.8,900,12.201659878170474
683,0.2,2,1,0.2,0.8,1000,12.056274366712504
684,0.2,2,1,0.5,0.4,500,15.162512873996228
685,0.2,2,1,0.5,0.4,600,14.3530280405641
686,0.2,2,1,0.5,0.4,700,14.538057069551412
687,0.2,2,1,0.5,0.4,800,14.626460453887509
688,0.2,2,1,0.5,0.4,900,15.177585696774138
689,0.2,2,1,0.5,0.4,1000,15.099087220853004
690,0.2,2,1,0.5,0.6,500,11.882115750982331
691,0.2,2,1,0.5,0.6,600,11.871850527261184
692,0.2,2,1,0.5,0.6,700,11.854851646934891
693,0.2,2,1,0.5,0.6,800,11.8498403564195
694,0.2,2,1,0.5,0.6,900,12.054260413031807
695,0.2,2,1,0.5,0.6,1000,12.201998051641366
696,0.2,2,1,0.5,0.8,500,11.592878218200806
697,0.2,2,1,0.5,0.8,600,11.61434941533673
698,0.2,2,1,0.5,0.8,700,12.108716176210441
699,0.2,2,1,0.5,0.8,800,12.291635789389664
700,0.2,2,1,0.5,0.8,900,12.59399157402429
701,0.2,2,1,0.5,0.8,1000,12.726329880416694
702,0.2,2,1,0.6,0.4,500,15.099030915340785
703,0.2,2,1,0.6,0.4,600,14.497093883843611
704,0.2,2,1,0.6,0.4,700,14.42319905615927
705,0.2,2,1,0.6,0.4,800,14.675585868393638
706,0.2,2,1,0.6,0.4,900,15.184380140215872
707,0.2,2,1,0.6,0.4,1000,15.042875972903062
708,0.2,2,1,0.6,0.6,500,11.866795146279742
709,0.2,2,1,0.6,0.6,600,11.949563820645414
710,0.2,2,1,0.6,0.6,700,12.075066981624097
711,0.2,2,1,0.6,0.6,800,12.100255349483797
712,0.2,2,1,0.6,0.6,900,12.285729407508477
713,0.2,2,1,0.6,0.6,1000,12.36208424436738
714,0.2,2,1,0.6,0.8,500,12.616644989965165
715,0.2,2,1,0.6,0.8,600,12.840900903458174
716,0.2,2,1,0.6,0.8,700,13.139601349122836
717,0.2,2,1,0.6,0.8,800,13.327745312740435
718,0.2,2,1,0.6,0.8,900,13.631299150856123
719,0.2,2,1,0.6,0.8,1000,13.751247402895437
720,0.2,2,2,0.1,0.4,500,28.03033031646803
721,0.2,2,2,0.1,0.4,600,26.649951126692784
722,0.2,2,2,0.1,0.4,700,28.58253002897394
723,0.2,2,2,0.1,0.4,800,27.128716411211922
724,0.2,2,2,0.1,0.4,900,25.181756097755496
725,0.2,2,2,0.1,0.4,1000,24.835199555233935
726,0.2,2,2,0.1,0.6,500,24.313338683885583
727,0.2,2,2,0.1,0.6,600,23.00044931327063
728,0.2,2,2,0.1,0.6,700,22.39120231117861
729,0.2,2,2,0.1,0.6,800,21.413332580903926
730,0.2,2,2,0.1,0.6,900,18.833771437844614
731,0.2,2,2,0.1,0.6,1000,18.33905545334371
732,0.2,2,2,0.1,0.8,500,26.85055137700871
733,0.2,2,2,0.1,0.8,600,24.064860456917845
734,0.2,2,2,0.1,0.8,700,21.141335271894903
735,0.2,2,2,0.1,0.8,800,19.689778865029385
736,0.2,2,2,0.1,0.8,900,17.564696182787586
737,0.2,2,2,0.1,0.8,1000,17.293240097338142
738,0.2,2,2,0.2,0.4,500,17.437283977434614
739,0.2,2,2,0.2,0.4,600,16.42666105327859
740,0.2,2,2,0.2,0.4,700,16.20360596903926
741,0.2,2,2,0.2,0.4,800,15.767413119087387
742,0.2,2,2,0.2,0.4,900,15.729918461396492
743,0.2,2,2,0.2,0.4,1000,15.127072569676953
744,0.2,2,2,0.2,0.6,500,16.006907593079237
745,0.2,2,2,0.2,0.6,600,15.036926708580618
746,0.2,2,2,0.2,0.6,700,14.77883812962292
747,0.2,2,2,0.2,0.6,800,14.706740731506661
748,0.2,2,2,0.2,0.6,900,14.760439904479464
749,0.2,2,2,0.2,0.6,1000,14.500257466959322
750,0.2,2,2,0.2,0.8,500,15.523754988217899
751,0.2,2,2,0.2,0.8,600,14.250337491208985
752,0.2,2,2,0.2,0.8,700,14.226064316073808
753,0.2,2,2,0.2,0.8,800,13.559267517319018
754,0.2,2,2,0.2,0.8,900,13.491804398880467
755,0.2,2,2,0.2,0.8,1000,13.594131341535974
756,0.2,2,2,0.5,0.4,500,15.167578126074378
757,0.2,2,2,0.5,0.4,600,14.704814429090606
758,0.2,2,2,0.5,0.4,700,14.641963414565183
759,0.2,2,2,0.5,0.4,800,15.263565704545139
760,0.2,2,2,0.5,0.4,900,15.019520043695637
761,0.2,2,2,0.5,0.4,1000,15.166570092958983
762,0.2,2,2,0.5,0.6,500,13.450788074704054
763,0.2,2,2,0.5,0.6,600,13.14533256882451
764,0.2,2,2,0.5,0.6,700,13.117638589222427
765,0.2,2,2,0.5,0.6,800,13.012162028173229
766,0.2,2,2,0.5,0.6,900,12.972008412362516
767,0.2,2,2,0.5,0.6,1000,13.008837772572114
768,0.2,2,2,0.5,0.8,500,12.398925880684258
769,0.2,2,2,0.5,0.8,600,12.122838136423875
770,0.2,2,2,0.5,0.8,700,12.24845364038707
771,0.2,2,2,0.5,0.8,800,12.257498423118642
772,0.2,2,2,0.5,0.8,900,12.359571231686681
773,0.2,2,2,0.5,0.8,1000,12.480025321631608
774,0.2,2,2,0.6,0.4,500,15.039731504038045
775,0.2,2,2,0.6,0.4,600,14.703872167628589
776,0.2,2,2,0.6,0.4,700,14.53994083766697
777,0.2,2,2,0.6,0.4,800,14.938841328195664
778,0.2,2,2,0.6,0.4,900,14.935823273135744
779,0.2,2,2,0.6,0.4,1000,14.821529656392935
780,0.2,2,2,0.6,0.6,500,12.755612866608661
781,0.2,2,2,0.6,0.6,600,12.726192007961053
782,0.2,2,2,0.6,0.6,700,12.806043185706415
783,0.2,2,2,0.6,0.6,800,12.716282330769557
784,0.2,2,2,0.6,0.6,900,12.807477177540738
785,0.2,2,2,0.6,0.6,1000,12.786078259579595
786,0.2,2,2,0.6,0.8,500,11.795840404296785
787,0.2,2,2,0.6,0.8,600,11.729154233816812
788,0.2,2,2,0.6,0.8,700,11.733796994343365
789,0.2,2,2,0.6,0.8,800,11.756975882738814
790,0.2,2,2,0.6,0.8,900,12.021031656763123
791,0.2,2,2,0.6,0.8,1000,12.037379352529618
792,0.2,2,3,0.1,0.4,500,34.29435014136567
793,0.2,2,3,0.1,0.4,600,31.959413832228986
794,0.2,2,3,0.1,0.4,700,36.48161407839124
795,0.2,2,3,0.1,0.4,800,34.26965981584401
796,0.2,2,3,0.1,0.4,900,31.98744615979851
797,0.2,2,3,0.1,0.4,1000,31.97873664477418
798,0.2,2,3,0.1,0.6,500,33.58230145579871
799,0.2,2,3,0.1,0.6,600,31.633080649996263
800,0.2,2,3,0.1,0.6,700,34.94281560835296
801,0.2,2,3,0.1,0.6,800,33.537378981450374
802,0.2,2,3,0.1,0.6,900,31.725556102124163
803,0.2,2,3,0.1,0.6,1000,31.90798959981283
804,0.2,2,3,0.1,0.8,500,32.82634853291374
805,0.2,2,3,0.1,0.8,600,31.187109478403897
806,0.2,2,3,0.1,0.8,700,34.24691669157703
807,0.2,2,3,0.1,0.8,800,32.89158853400486
808,0.2,2,3,0.1,0.8,900,31.41453130790672
809,0.2,2,3,0.1,0.8,1000,31.532193912774567
810,0.2,2,3,0.2,0.4,500,32.2351736935255
811,0.2,2,3,0.2,0.4,600,32.084352171511114
812,0.2,2,3,0.2,0.4,700,32.44613424971118
813,0.2,2,3,0.2,0.4,800,31.367478113846147
814,0.2,2,3,0.2,0.4,900,30.880404026162307
815,0.2,2,3,0.2,0.4,1000,31.411343704908496
816,0.2,2,3,0.2,0.6,500,30.078993016645118
817,0.2,2,3,0.2,0.6,600,31.440590908870362
818,0.2,2,3,0.2,0.6,700,31.33999236491607
819,0.2,2,3,0.2,0.6,800,30.91650311131465
820,0.2,2,3,0.2,0.6,900,30.161786226499217
821,0.2,2,3,0.2,0.6,1000,29.882648092235428
822,0.2,2,3,0.2,0.8,500,31.18692202352886
823,0.2,2,3,0.2,0.8,600,32.70179559095719
824,0.2,2,3,0.2,0.8,700,32.628864853362266
825,0.2,2,3,0.2,0.8,800,32.00852597639634
826,0.2,2,3,0.2,0.8,900,29.901699487679114
827,0.2,2,3,0.2,0.8,1000,30.589519044553423
828,0.2,2,3,0.5,0.4,500,22.909408604513736
829,0.2,2,3,0.5,0.4,600,21.880135136585313
830,0.2,2,3,0.5,0.4,700,20.830253467766042
831,0.2,2,3,0.5,0.4,800,20.799786011634144
832,0.2,2,3,0.5,0.4,900,19.979777359331127
833,0.2,2,3,0.5,0.4,1000,19.960420108026113
834,0.2,2,3,0.5,0.6,500,19.610763081000993
835,0.2,2,3,0.5,0.6,600,19.03929912777709
836,0.2,2,3,0.5,0.6,700,18.016207511772738
837,0.2,2,3,0.5,0.6,800,18.402536415966384
838,0.2,2,3,0.5,0.6,900,18.042834891113614
839,0.2,2,3,0.5,0.6,1000,17.964077199003768
840,0.2,2,3,0.5,0.8,500,18.99654233289653
841,0.2,2,3,0.5,0.8,600,18.978577590737466
842,0.2,2,3,0.5,0.8,700,18.160271536012086
843,0.2,2,3,0.5,0.8,800,18.37099572162927
844,0.2,2,3,0.5,0.8,900,18.466942276974898
845,0.2,2,3,0.5,0.8,1000,18.248726625092527
846,0.2,2,3,0.6,0.4,500,20.41587679581365
847,0.2,2,3,0.6,0.4,600,19.651072096419558
848,0.2,2,3,0.6,0.4,700,18.974161156204218
849,0.2,2,3,0.6,0.4,800,19.317640608529274
850,0.2,2,3,0.6,0.4,900,18.67951672956789
851,0.2,2,3,0.6,0.4,1000,18.663103979045903
852,0.2,2,3,0.6,0.6,500,18.22867599568932
853,0.2,2,3,0.6,0.6,600,18.24167914983972
854,0.2,2,3,0.6,0.6,700,17.856405627426312
855,0.2,2,3,0.6,0.6,800,17.864372931094238
856,0.2,2,3,0.6,0.6,900,17.729678642091166
857,0.2,2,3,0.6,0.6,1000,17.88804354097979
858,0.2,2,3,0.6,0.8,500,18.446392231449547
859,0.2,2,3,0.6,0.8,600,18.535591063554218
860,0.2,2,3,0.6,0.8,700,18.226139805001953
861,0.2,2,3,0.6,0.8,800,18.122234385732106
862,0.2,2,3,0.6,0.8,900,18.41676435201914
863,0.2,2,3,0.6,0.8,1000,18.61296224427041
864,0.3,1,1,0.1,0.4,500,13.684119624248504
865,0.3,1,1,0.1,0.4,600,14.21361090639886
866,0.3,1,1,0.1,0.4,700,15.343242732120602
867,0.3,1,1,0.1,0.4,800,14.582239403702951
868,0.3,1,1,0.1,0.4,900,14.338325463336828
869,0.3,1,1,0.1,0.4,1000,14.318526727456586
870,0.3,1,1,0.1,0.6,500,15.952449171691486
871,0.3,1,1,0.1,0.6,600,14.4027733939918
872,0.3,1,1,0.1,0.6,700,15.890154226538645
873,0.3,1,1,0.1,0.6,800,14.715977156129156
874,0.3,1,1,0.1,0.6,900,14.5599202414235
875,0.3,1,1,0.1,0.6,1000,14.959611229540057
876,0.3,1,1,0.1,0.8,500,15.57636486380094
877,0.3,1,1,0.1,0.8,600,14.863776750444693
878,0.3,1,1,0.1,0.8,700,15.765031572934532
879,0.3,1,1,0.1,0.8,800,14.965859358102964
880,0.3,1,1,0.1,0.8,900,14.99358542997732
881,0.3,1,1,0.1,0.8,1000,14.32821611152366
882,0.3,1,1,0.2,0.4,500,15.75355284437667
883,0.3,1,1,0.2,0.4,600,14.890569211785712
884,0.3,1,1,0.2,0.4,700,14.902491492923943
885,0.3,1,1,0.2,0.4,800,14.852308118266247
886,0.3,1,1,0.2,0.4,900,14.719831001959163
887,0.3,1,1,0.2,0.4,1000,14.91035504649048
888,0.3,1,1,0.2,0.6,500,16.33002718781253
889,0.3,1,1,0.2,0.6,600,15.18592400536881
890,0.3,1,1,0.2,0.6,700,15.521231221611904
891,0.3,1,1,0.2,0.6,800,15.222446663486515
892,0.3,1,1,0.2,0.6,900,14.494432915667549
893,0.3,1,1,0.2,0.6,1000,15.200697632984957
894,0.3,1,1,0.2,0.8,500,16.056439298336908
895,0.3,1,1,0.2,0.8,600,14.444620739319262
896,0.3,1,1,0.2,0.8,700,15.638999380661224
897,0.3,1,1,0.2,0.8,800,14.600737049522557
898,0.3,1,1,0.2,0.8,900,14.528935180105531
899,0.3,1,1,0.2,0.8,1000,15.211088036549809
900,0.3,1,1,0.5,0.4,500,15.477267175676113
901,0.3,1,1,0.5,0.4,600,14.501471776385362
902,0.3,1,1,0.5,0.4,700,14.942601260867102
903,0.3,1,1,0.5,0.4,800,14.83138706689936
904,0.3,1,1,0.5,0.4,900,15.25570306545967
905,0.3,1,1,0.5,0.4,1000,15.321563771747943
906,0.3,1,1,0.5,0.6,500,15.326348812588664
907,0.3,1,1,0.5,0.6,600,15.055831231696718
908,0.3,1,1,0.5,0.6,700,14.322107027585307
909,0.3,1,1,0.5,0.6,800,14.73430533528159
910,0.3,1,1,0.5,0.6,900,14.85614086775399
911,0.3,1,1,0.5,0.6,1000,15.389498096950808
912,0.3,1,1,0.5,0.8,500,15.368939914826026
913,0.3,1,1,0.5,0.8,600,14.946291607263923
914,0.3,1,1,0.5,0.8,700,14.786496392446121
915,0.3,1,1,0.5,0.8,800,14.828045278215484
916,0.3,1,1,0.5,0.8,900,14.990199414367336
917,0.3,1,1,0.5,0.8,1000,15.712349171670073
918,0.3,1,1,0.6,0.4,500,15.270630056096767
919,0.3,1,1,0.6,0.4,600,14.623679291417952
920,0.3,1,1,0.6,0.4,700,14.794699899653502
921,0.3,1,1,0.6,0.4,800,14.615455124209808
922,0.3,1,1,0.6,0.4,900,15.308268967875469
923,0.3,1,1,0.6,0.4,1000,15.235286234001714
924,0.3,1,1,0.6,0.6,500,15.228604998897467
925,0.3,1,1,0.6,0.6,600,14.883678913493505
926,0.3,1,1,0.6,0.6,700,14.005561748949482
927,0.3,1,1,0.6,0.6,800,14.73864701009807
928,0.3,1,1,0.6,0.6,900,15.177075051489004
929,0.3,1,1,0.6,0.6,1000,15.007623775154348
930,0.3,1,1,0.6,0.8,500,14.788676989028989
931,0.3,1,1,0.6,0.8,600,14.687520067367064
932,0.3,1,1,0.6,0.8,700,14.3705135282854
933,0.3,1,1,0.6,0.8,800,14.821408465034898
934,0.3,1,1,0.6,0.8,900,14.949675174449236
935,0.3,1,1,0.6,0.8,1000,15.12649692936881
936,0.3,1,2,0.1,0.4,500,27.114541627345936
937,0.3,1,2,0.1,0.4,600,25.457530009707796
938,0.3,1,2,0.1,0.4,700,26.99086637663851
939,0.3,1,2,0.1,0.4,800,25.235545781835206
940,0.3,1,2,0.1,0.4,900,23.04039584046668
941,0.3,1,2,0.1,0.4,1000,22.418240156637793
942,0.3,1,2,0.1,0.6,500,22.770982638890327
943,0.3,1,2,0.1,0.6,600,20.38466223656814
944,0.3,1,2,0.1,0.6,700,19.02605372507019
945,0.3,1,2,0.1,0.6,800,17.932758149578074
946,0.3,1,2,0.1,0.6,900,16.72832841088647
947,0.3,1,2,0.1,0.6,1000,16.183024164072556
948,0.3,1,2,0.1,0.8,500,24.87322958251743
949,0.3,1,2,0.1,0.8,600,21.11175491013279
950,0.3,1,2,0.1,0.8,700,18.326282630323416
951,0.3,1,2,0.1,0.8,800,17.340820640976812
952,0.3,1,2,0.1,0.8,900,15.565290815267412
953,0.3,1,2,0.1,0.8,1000,15.770998211421272
954,0.3,1,2,0.2,0.4,500,16.087331877174428
955,0.3,1,2,0.2,0.4,600,15.920438499872942
956,0.3,1,2,0.2,0.4,700,15.736724194722681
957,0.3,1,2,0.2,0.4,800,15.504860321544617
958,0.3,1,2,0.2,0.4,900,15.88605939005392
959,0.3,1,2,0.2,0.4,1000,15.026390664656644
960,0.3,1,2,0.2,0.6,500,15.802158170621313
961,0.3,1,2,0.2,0.6,600,15.525776762870741
962,0.3,1,2,0.2,0.6,700,15.15781749628917
963,0.3,1,2,0.2,0.6,800,15.447583553021383
964,0.3,1,2,0.2,0.6,900,15.129990942143559
965,0.3,1,2,0.2,0.6,1000,14.770197845844955
966,0.3,1,2,0.2,0.8,500,15.383917466669843
967,0.3,1,2,0.2,0.8,600,14.5652097370688
968,0.3,1,2,0.2,0.8,700,14.749798303127427
969,0.3,1,2,0.2,0.8,800,13.990723534661004
970,0.3,1,2,0.2,0.8,900,14.692115131907666
971,0.3,1,2,0.2,0.8,1000,15.439896509845617
972,0.3,1,2,0.5,0.4,500,15.472174069994768
973,0.3,1,2,0.5,0.4,600,14.675701186312804
974,0.3,1,2,0.5,0.4,700,14.805214324636005
975,0.3,1,2,0.5,0.4,800,15.254140522595545
976,0.3,1,2,0.5,0.4,900,14.80695124034449
977,0.3,1,2,0.5,0.4,1000,15.318272096191388
978,0.3,1,2,0.5,0.6,500,15.108802246756829
979,0.3,1,2,0.5,0.6,600,14.723549262013613
980,0.3,1,2,0.5,0.6,700,14.517400040755755
981,0.3,1,2,0.5,0.6,800,14.722613003925549
982,0.3,1,2,0.5,0.6,900,14.832105315249025
983,0.3,1,2,0.5,0.6,1000,15.363208120253345
984,0.3,1,2,0.5,0.8,500,15.174240464977299
985,0.3,1,2,0.5,0.8,600,14.411431031078056
986,0.3,1,2,0.5,0.8,700,14.68619797697699
987,0.3,1,2,0.5,0.8,800,14.79349814764184
988,0.3,1,2,0.5,0.8,900,14.830168735971789
989,0.3,1,2,0.5,0.8,1000,15.326803646149594
990,0.3,1,2,0.6,0.4,500,15.09234455398752
991,0.3,1,2,0.6,0.4,600,14.543728167375482
992,0.3,1,2,0.6,0.4,700,14.42467114551879
993,0.3,1,2,0.6,0.4,800,14.961180945448763
994,0.3,1,2,0.6,0.4,900,14.845547486860355
995,0.3,1,2,0.6,0.4,1000,14.90446103198353
996,0.3,1,2,0.6,0.6,500,14.958482646778155
997,0.3,1,2,0.6,0.6,600,14.702704989894288
998,0.3,1,2,0.6,0.6,700,14.585656827305144
999,0.3,1,2,0.6,0.6,800,14.781608695922735
1000,0.3,1,2,0.6,0.6,900,14.438302977154352
1001,0.3,1,2,0.6,0.6,1000,15.178016200344988
1002,0.3,1,2,0.6,0.8,500,14.856416951523814
1003,0.3,1,2,0.6,0.8,600,14.562016849638137
1004,0.3,1,2,0.6,0.8,700,14.678995438780392
1005,0.3,1,2,0.6,0.8,800,14.985720749765292
1006,0.3,1,2,0.6,0.8,900,14.671990041883463
1007,0.3,1,2,0.6,0.8,1000,15.056789058869136
1008,0.3,1,3,0.1,0.4,500,34.74160384554759
1009,0.3,1,3,0.1,0.4,600,32.409602786377164
1010,0.3,1,3,0.1,0.4,700,36.212129317274005
1011,0.3,1,3,0.1,0.4,800,34.04599795181755
1012,0.3,1,3,0.1,0.4,900,32.03149411010881
1013,0.3,1,3,0.1,0.4,1000,31.76290184295286
1014,0.3,1,3,0.1,0.6,500,33.69358505482354
1015,0.3,1,3,0.1,0.6,600,32.1891658751119
1016,0.3,1,3,0.1,0.6,700,34.18224436850121
1017,0.3,1,3,0.1,0.6,800,33.114847083903484
1018,0.3,1,3,0.1,0.6,900,31.661766462518987
1019,0.3,1,3,0.1,0.6,1000,31.78389609022747
1020,0.3,1,3,0.1,0.8,500,32.8207229741706
1021,0.3,1,3,0.1,0.8,600,31.612298786446402
1022,0.3,1,3,0.1,0.8,700,33.4221937601861
1023,0.3,1,3,0.1,0.8,800,32.545248256579
1024,0.3,1,3,0.1,0.8,900,31.248014301233713
1025,0.3,1,3,0.1,0.8,1000,31.299974930323582
1026,0.3,1,3,0.2,0.4,500,32.254607595617344
1027,0.3,1,3,0.2,0.4,600,32.29070463099996
1028,0.3,1,3,0.2,0.4,700,32.13712513858454
1029,0.3,1,3,0.2,0.4,800,31.534891355303834
1030,0.3,1,3,0.2,0.4,900,30.344562089911765
1031,0.3,1,3,0.2,0.4,1000,31.402008124040602
1032,0.3,1,3,0.2,0.6,500,28.972931826237648
1033,0.3,1,3,0.2,0.6,600,31.37568047458965
1034,0.3,1,3,0.2,0.6,700,30.147964376360672
1035,0.3,1,3,0.2,0.6,800,30.964309318497882
1036,0.3,1,3,0.2,0.6,900,29.365251157535546
1037,0.3,1,3,0.2,0.6,1000,29.24662315522927
1038,0.3,1,3,0.2,0.8,500,30.204914315671388
1039,0.3,1,3,0.2,0.8,600,33.00750182882455
1040,0.3,1,3,0.2,0.8,700,31.67606301554737
1041,0.3,1,3,0.2,0.8,800,31.79865846111803
1042,0.3,1,3,0.2,0.8,900,28.969003596146496
1043,0.3,1,3,0.2,0.8,1000,30.274611395194817
1044,0.3,1,3,0.5,0.4,500,21.175475563619976
1045,0.3,1,3,0.5,0.4,600,19.94769009306283
1046,0.3,1,3,0.5,0.4,700,19.335616896195784
1047,0.3,1,3,0.5,0.4,800,19.787296910920162
1048,0.3,1,3,0.5,0.4,900,19.067419499227746
1049,0.3,1,3,0.5,0.4,1000,19.14612256957753
1050,0.3,1,3,0.5,0.6,500,19.167993350352045
1051,0.3,1,3,0.5,0.6,600,18.6294104588036
1052,0.3,1,3,0.5,0.6,700,18.001220893216992
1053,0.3,1,3,0.5,0.6,800,18.799784710946405
1054,0.3,1,3,0.5,0.6,900,18.367147432555033
1055,0.3,1,3,0.5,0.6,1000,18.181613574018577
1056,0.3,1,3,0.5,0.8,500,18.78678626640013
1057,0.3,1,3,0.5,0.8,600,18.403626260924472
1058,0.3,1,3,0.5,0.8,700,17.909871497277987
1059,0.3,1,3,0.5,0.8,800,18.691005901275673
1060,0.3,1,3,0.5,0.8,900,18.38350633825273
1061,0.3,1,3,0.5,0.8,1000,18.194542366409358
1062,0.3,1,3,0.6,0.4,500,19.520726847188723
1063,0.3,1,3,0.6,0.4,600,18.763722128478303
1064,0.3,1,3,0.6,0.4,700,18.303003302192952
1065,0.3,1,3,0.6,0.4,800,18.885804695805042
1066,0.3,1,3,0.6,0.4,900,18.410337103572758
1067,0.3,1,3,0.6,0.4,1000,18.34286467206044
1068,0.3,1,3,0.6,0.6,500,18.583448917182423
1069,0.3,1,3,0.6,0.6,600,18.22077485633153
1070,0.3,1,3,0.6,0.6,700,18.069134755073154
1071,0.3,1,3,0.6,0.6,800,18.455980134252126
1072,0.3,1,3,0.6,0.6,900,18.143675522982612
1073,0.3,1,3,0.6,0.6,1000,18.26291549303643
1074,0.3,1,3,0.6,0.8,500,18.579364805457285
1075,0.3,1,3,0.6,0.8,600,17.89337675062219
1076,0.3,1,3,0.6,0.8,700,18.03571482258385
1077,0.3,1,3,0.6,0.8,800,18.327459214077425
1078,0.3,1,3,0.6,0.8,900,18.09397906823064
1079,0.3,1,3,0.6,0.8,1000,18.58424674103724
1080,0.3,2,1,0.1,0.4,500,13.757730343850866
1081,0.3,2,1,0.1,0.4,600,14.313633363338408
1082,0.3,2,1,0.1,0.4,700,15.458739011205543
1083,0.3,2,1,0.1,0.4,800,14.48599281436739
1084,0.3,2,1,0.1,0.4,900,14.479631727639273
1085,0.3,2,1,0.1,0.4,1000,14.121317725521667
1086,0.3,2,1,0.1,0.6,500,13.420151392202454
1087,0.3,2,1,0.1,0.6,600,12.298191286511075
1088,0.3,2,1,0.1,0.6,700,12.797626119906408
1089,0.3,2,1,0.1,0.6,800,12.314618940780914
1090,0.3,2,1,0.1,0.6,900,12.28849246847647
1091,0.3,2,1,0.1,0.6,1000,11.562601808130049
1092,0.3,2,1,0.1,0.8,500,12.258129980301879
1093,0.3,2,1,0.1,0.8,600,12.432116540838713
1094,0.3,2,1,0.1,0.8,700,12.29626596469095
1095,0.3,2,1,0.1,0.8,800,12.067469958215487
1096,0.3,2,1,0.1,0.8,900,12.861611625006814
1097,0.3,2,1,0.1,0.8,1000,11.59558661883982
1098,0.3,2,1,0.2,0.4,500,15.68573091736838
1099,0.3,2,1,0.2,0.4,600,14.762959430357501
1100,0.3,2,1,0.2,0.4,700,14.758933707744017
1101,0.3,2,1,0.2,0.4,800,15.43244740506539
1102,0.3,2,1,0.2,0.4,900,14.90274100811666
1103,0.3,2,1,0.2,0.4,1000,14.933268846764916
1104,0.3,2,1,0.2,0.6,500,11.63137264919681
1105,0.3,2,1,0.2,0.6,600,11.284100820077605
1106,0.3,2,1,0.2,0.6,700,11.20858402092485
1107,0.3,2,1,0.2,0.6,800,11.313913744264314
1108,0.3,2,1,0.2,0.6,900,11.3852549350204
1109,0.3,2,1,0.2,0.6,1000,11.404669556778945
1110,0.3,2,1,0.2,0.8,500,12.980643253008452
1111,0.3,2,1,0.2,0.8,600,12.724558153441462
1112,0.3,2,1,0.2,0.8,700,13.332522325259568
1113,0.3,2,1,0.2,0.8,800,13.121535406469269
1114,0.3,2,1,0.2,0.8,900,13.55303894307967
1115,0.3,2,1,0.2,0.8,1000,13.448776484112532
1116,0.3,2,1,0.5,0.4,500,15.24525692457736
1117,0.3,2,1,0.5,0.4,600,14.157137384151351
1118,0.3,2,1,0.5,0.4,700,14.504865242818541
1119,0.3,2,1,0.5,0.4,800,14.519160149198377
1120,0.3,2,1,0.5,0.4,900,15.292444532329021
1121,0.3,2,1,0.5,0.4,1000,15.229713048851455
1122,0.3,2,1,0.5,0.6,500,12.565202158438389
1123,0.3,2,1,0.5,0.6,600,12.66340606415561
1124,0.3,2,1,0.5,0.6,700,12.71150411468904
1125,0.3,2,1,0.5,0.6,800,12.727504685487022
1126,0.3,2,1,0.5,0.6,900,12.961700257342255
1127,0.3,2,1,0.5,0.6,1000,13.124202953270142
1128,0.3,2,1,0.5,0.8,500,12.742953251399838
1129,0.3,2,1,0.5,0.8,600,12.904927882142823
1130,0.3,2,1,0.5,0.8,700,13.292134613395808
1131,0.3,2,1,0.5,0.8,800,13.542615470730354
1132,0.3,2,1,0.5,0.8,900,13.887328588149664
1133,0.3,2,1,0.5,0.8,1000,14.047223132535802
1134,0.3,2,1,0.6,0.4,500,15.128766503132079
1135,0.3,2,1,0.6,0.4,600,14.363124426122265
1136,0.3,2,1,0.6,0.4,700,14.315797979794098
1137,0.3,2,1,0.6,0.4,800,14.655715364625083
1138,0.3,2,1,0.6,0.4,900,15.32577839684778
1139,0.3,2,1,0.6,0.4,1000,15.109495499543016
1140,0.3,2,1,0.6,0.6,500,12.442058496188816
1141,0.3,2,1,0.6,0.6,600,12.617881327147945
1142,0.3,2,1,0.6,0.6,700,12.815177952300374
1143,0.3,2,1,0.6,0.6,800,12.856655500339022
1144,0.3,2,1,0.6,0.6,900,13.084433995774894
1145,0.3,2,1,0.6,0.6,1000,13.280744701177165
1146,0.3,2,1,0.6,0.8,500,13.15775133595493
1147,0.3,2,1,0.6,0.8,600,13.313275387187554
1148,0.3,2,1,0.6,0.8,700,13.566175212941566
1149,0.3,2,1,0.6,0.8,800,13.720434706942893
1150,0.3,2,1,0.6,0.8,900,13.904125879247877
1151,0.3,2,1,0.6,0.8,1000,14.024864833775355
1152,0.3,2,2,0.1,0.4,500,27.114541627345936
1153,0.3,2,2,0.1,0.4,600,25.457530009707796
1154,0.3,2,2,0.1,0.4,700,26.99086637663851
1155,0.3,2,2,0.1,0.4,800,25.235545781835206
1156,0.3,2,2,0.1,0.4,900,23.04039584046668
1157,0.3,2,2,0.1,0.4,1000,22.418240156637793
1158,0.3,2,2,0.1,0.6,500,22.714922731048983
1159,0.3,2,2,0.1,0.6,600,20.353614558936485
1160,0.3,2,2,0.1,0.6,700,18.972817455484403
1161,0.3,2,2,0.1,0.6,800,17.88314447382382
1162,0.3,2,2,0.1,0.6,900,17.021343667977128
1163,0.3,2,2,0.1,0.6,1000,16.55570239969673
1164,0.3,2,2,0.1,0.8,500,24.764584000231423
1165,0.3,2,2,0.1,0.8,600,21.021237492354114
1166,0.3,2,2,0.1,0.8,700,18.64981506051851
1167,0.3,2,2,0.1,0.8,800,17.660923415040184
1168,0.3,2,2,0.1,0.8,900,15.597874868882565
1169,0.3,2,2,0.1,0.8,1000,15.916827212415386
1170,0.3,2,2,0.2,0.4,500,16.09483489851886
1171,0.3,2,2,0.2,0.4,600,15.81933535575205
1172,0.3,2,2,0.2,0.4,700,15.797854340112059
1173,0.3,2,2,0.2,0.4,800,15.563215929084446
1174,0.3,2,2,0.2,0.4,900,16.072787129997597
1175,0.3,2,2,0.2,0.4,1000,15.07498122937316
1176,0.3,2,2,0.2,0.6,500,15.342509129967906
1177,0.3,2,2,0.2,0.6,600,14.768893698664455
1178,0.3,2,2,0.2,0.6,700,14.82171697356166
1179,0.3,2,2,0.2,0.6,800,14.692971850706071
1180,0.3,2,2,0.2,0.6,900,14.372650644439787
1181,0.3,2,2,0.2,0.6,1000,14.290224274352386
1182,0.3,2,2,0.2,0.8,500,14.90967277599091
1183,0.3,2,2,0.2,0.8,600,13.608856846905644
1184,0.3,2,2,0.2,0.8,700,13.66135950333556
1185,0.3,2,2,0.2,0.8,800,13.130415506616483
1186,0.3,2,2,0.2,0.8,900,12.941513343104896
1187,0.3,2,2,0.2,0.8,1000,13.427955555435409
1188,0.3,2,2,0.5,0.4,500,15.40876473290078
1189,0.3,2,2,0.5,0.4,600,14.741024580872208
1190,0.3,2,2,0.5,0.4,700,14.772595092078909
1191,0.3,2,2,0.5,0.4,800,15.430209384192333
1192,0.3,2,2,0.5,0.4,900,15.14331721023067
1193,0.3,2,2,0.5,0.4,1000,15.29784098428538
1194,0.3,2,2,0.5,0.6,500,13.466731123229318
1195,0.3,2,2,0.5,0.6,600,13.190011358726672
1196,0.3,2,2,0.5,0.6,700,13.160142247175939
1197,0.3,2,2,0.5,0.6,800,13.008153479188165
1198,0.3,2,2,0.5,0.6,900,13.019686546656336
1199,0.3,2,2,0.5,0.6,1000,13.138750600487409
1200,0.3,2,2,0.5,0.8,500,12.465872248686956
1201,0.3,2,2,0.5,0.8,600,12.172541863737099
1202,0.3,2,2,0.5,0.8,700,12.224817423156436
1203,0.3,2,2,0.5,0.8,800,12.306605229343853
1204,0.3,2,2,0.5,0.8,900,12.609521321022312
1205,0.3,2,2,0.5,0.8,1000,12.739125248089033
1206,0.3,2,2,0.6,0.4,500,15.186087962680375
1207,0.3,2,2,0.6,0.4,600,14.607122829885098
1208,0.3,2,2,0.6,0.4,700,14.511244854292924
1209,0.3,2,2,0.6,0.4,800,14.97697036874712
1210,0.3,2,2,0.6,0.4,900,15.004575042180743
1211,0.3,2,2,0.6,0.4,1000,14.887467902254938
1212,0.3,2,2,0.6,0.6,500,12.649555460460325
1213,0.3,2,2,0.6,0.6,600,12.643455630227603
1214,0.3,2,2,0.6,0.6,700,12.631947832911294
1215,0.3,2,2,0.6,0.6,800,12.571046781777383
1216,0.3,2,2,0.6,0.6,900,12.865434240463166
1217,0.3,2,2,0.6,0.6,1000,12.964624049376152
1218,0.3,2,2,0.6,0.8,500,11.774040479774333
1219,0.3,2,2,0.6,0.8,600,11.744929269792568
1220,0.3,2,2,0.6,0.8,700,11.846823584074565
1221,0.3,2,2,0.6,0.8,800,11.81960816305729
1222,0.3,2,2,0.6,0.8,900,12.034564461455592
1223,0.3,2,2,0.6,0.8,1000,12.064214004557511
1224,0.3,2,3,0.1,0.4,500,34.74160384554759
1225,0.3,2,3,0.1,0.4,600,32.409602786377164
1226,0.3,2,3,0.1,0.4,700,36.212129317274005
1227,0.3,2,3,0.1,0.4,800,34.04599795181755
1228,0.3,2,3,0.1,0.4,900,32.03149411010881
1229,0.3,2,3,0.1,0.4,1000,31.76290184295286
1230,0.3,2,3,0.1,0.6,500,33.69358505482354
1231,0.3,2,3,0.1,0.6,600,32.1891658751119
1232,0.3,2,3,0.1,0.6,700,34.18224436850121
1233,0.3,2,3,0.1,0.6,800,33.114847083903484
1234,0.3,2,3,0.1,0.6,900,31.661766462518987
1235,0.3,2,3,0.1,0.6,1000,31.78389609022747
1236,0.3,2,3,0.1,0.8,500,32.8207229741706
1237,0.3,2,3,0.1,0.8,600,31.612298786446402
1238,0.3,2,3,0.1,0.8,700,33.4221937601861
1239,0.3,2,3,0.1,0.8,800,32.545248256579
1240,0.3,2,3,0.1,0.8,900,31.248014301233713
1241,0.3,2,3,0.1,0.8,1000,31.299974930323582
1242,0.3,2,3,0.2,0.4,500,32.254607595617344
1243,0.3,2,3,0.2,0.4,600,32.29070463099996
1244,0.3,2,3,0.2,0.4,700,32.25579735087657
1245,0.3,2,3,0.2,0.4,800,31.462654832887523
1246,0.3,2,3,0.2,0.4,900,30.325353666060472
1247,0.3,2,3,0.2,0.4,1000,31.317676082696767
1248,0.3,2,3,0.2,0.6,500,29.06193523731886
1249,0.3,2,3,0.2,0.6,600,31.492221461533624
1250,0.3,2,3,0.2,0.6,700,30.393400255860058
1251,0.3,2,3,0.2,0.6,800,30.882369466132907
1252,0.3,2,3,0.2,0.6,900,29.457651348194343
1253,0.3,2,3,0.2,0.6,1000,29.258329644854737
1254,0.3,2,3,0.2,0.8,500,30.29355768170243
1255,0.3,2,3,0.2,0.8,600,32.98640801979416
1256,0.3,2,3,0.2,0.8,700,31.827689467014537
1257,0.3,2,3,0.2,0.8,800,31.67805889057443
1258,0.3,2,3,0.2,0.8,900,28.79222869038134
1259,0.3,2,3,0.2,0.8,1000,29.971869017834596
1260,0.3,2,3,0.5,0.4,500,21.039531761731034
1261,0.3,2,3,0.5,0.4,600,19.91788619084358
1262,0.3,2,3,0.5,0.4,700,19.36865540958612
1263,0.3,2,3,0.5,0.4,800,19.66668080780748
1264,0.3,2,3,0.5,0.4,900,19.02432107866126
1265,0.3,2,3,0.5,0.4,1000,19.094792015590937
1266,0.3,2,3,0.5,0.6,500,18.44159356709253
1267,0.3,2,3,0.5,0.6,600,18.23326334139132
1268,0.3,2,3,0.5,0.6,700,17.447211105647966
1269,0.3,2,3,0.5,0.6,800,18.252710089679372
1270,0.3,2,3,0.5,0.6,900,18.169660053885174
1271,0.3,2,3,0.5,0.6,1000,18.21774758740174
1272,0.3,2,3,0.5,0.8,500,18.227783373818674
1273,0.3,2,3,0.5,0.8,600,18.786386374463394
1274,0.3,2,3,0.5,0.8,700,17.9268683975669
1275,0.3,2,3,0.5,0.8,800,18.494993564006766
1276,0.3,2,3,0.5,0.8,900,18.852288954123733
1277,0.3,2,3,0.5,0.8,1000,18.58723762105263
1278,0.3,2,3,0.6,0.4,500,19.33237677200003
1279,0.3,2,3,0.6,0.4,600,18.528741929596045
1280,0.3,2,3,0.6,0.4,700,18.33574898507972
1281,0.3,2,3,0.6,0.4,800,18.835117492451037
1282,0.3,2,3,0.6,0.4,900,18.27531329626727
1283,0.3,2,3,0.6,0.4,1000,18.433545802752658
1284,0.3,2,3,0.6,0.6,500,17.858661050398148
1285,0.3,2,3,0.6,0.6,600,18.126961089673188
1286,0.3,2,3,0.6,0.6,700,17.808474225150274
1287,0.3,2,3,0.6,0.6,800,17.988035571313212
1288,0.3,2,3,0.6,0.6,900,17.964073990162127
1289,0.3,2,3,0.6,0.6,1000,18.21313344241574
1290,0.3,2,3,0.6,0.8,500,18.290784670249646
1291,0.3,2,3,0.6,0.8,600,18.61716951749018
1292,0.3,2,3,0.6,0.8,700,18.390986227712556
1293,0.3,2,3,0.6,0.8,800,18.45004970954094
1294,0.3,2,3,0.6,0.8,900,18.70911548814885
1295,0.3,2,3,0.6,0.8,1000,19.00703558934805
